id,conversation_id,created_at,date,time,timezone,user_id,username,name,place,tweet,mentions,urls,photos,replies_count,retweets_count,likes_count,hashtags,cashtags,link,retweet,quote_url,video,near,geo,source,user_rt_id,user_rt,retweet_id,reply_to,retweet_date
1204076740806471680,1204076740806471680,1575909240000,2019-12-09,19:34:00,MSK,22630205,isaynews,i-Say,,"The growing impact of climate change can even be measured on social media!
For example, earlier this year, conversation about the Amazon rain forest fire began on Twitter before being picked up by mainstream media.
üå≥üå≥üî•üå≥üî•üî•
Read more:  https://i-say.co/climatesocialmedia¬†‚Ä¶ pic.twitter.com/l6A4TzqeD7",[],['https://i-say.co/climatesocialmedia'],['https://pbs.twimg.com/media/EK-crx6XkAAJTC2.jpg'],0,0,0,[],[],https://twitter.com/isaynews/status/1204076740806471680,False,,0,,,,,,,"[{'user_id': '22630205', 'username': 'isaynews'}]",
1200321224603127808,1200321224603127808,1575013855000,2019-11-29,10:50:55,MSK,410483404,kesha_ayres,Kesha Ayres,,"Yes people this is what I was tryna say, please make some noise!!! #AmazonFires #amazon #borneo #orangutans #ClimateChange
#ClimateEmergency EU: Forest fire emissions from Indonesia worse than Amazon's  https://str.sg/J5gv¬†",[],['https://str.sg/J5gv'],[],0,1,3,"['#amazonfires', '#amazon', '#borneo', '#orangutans', '#climatechange', '#climateemergency']",[],https://twitter.com/Kesha_Ayres/status/1200321224603127808,False,,0,,,,,,,"[{'user_id': '410483404', 'username': 'Kesha_Ayres'}]",
1198074985035649024,1198074985035649024,1574478310000,2019-11-23,06:05:10,MSK,712488484955680768,pinkbells360,‡πë‚Ä¢‡∏±Marshmallow‚Ä¢‡∏±‡πë,,"Amazon forest is on the brink of self-deforestation!!!
#Forest #fire #wildfire #tree #woods #earth #conservation #deforestation #viciouscycle #environment #climatechange #habitateloss https://amp.economist.com/briefing/2019/08/01/the-amazon-is-approaching-an-irreversible-tipping-point?__twitter_impression=true¬†‚Ä¶",[],['https://amp.economist.com/briefing/2019/08/01/the-amazon-is-approaching-an-irreversible-tipping-point?__twitter_impression=true'],[],0,0,0,"['#forest', '#fire', '#wildfire', '#tree', '#woods', '#earth', '#conservation', '#deforestation', '#viciouscycle', '#environment', '#climatechange', '#habitateloss']",[],https://twitter.com/pinkbells360/status/1198074985035649024,False,,0,,,,,,,"[{'user_id': '712488484955680768', 'username': 'pinkbells360'}]",
1194336138166784001,1194285737346314240,1573586899000,2019-11-12,22:28:19,MSK,2571469788,jacqui_osz,jacqui osz,,"@Timcast evidence of the amazon forest fire being politically motivated by blaming climate change. look at netflix series MARS. in the last episode, they mention the amazon fires...before the amazon fire happened. the movie was being filmed in 2018 not 2019.",['timcast'],[],[],0,0,1,[],[],https://twitter.com/jacqui_osz/status/1194336138166784001,False,,0,,,,,,,"[{'user_id': '2571469788', 'username': 'jacqui_osz'}, {'user_id': '27000730', 'username': 'Timcast'}]",
1194336030826127365,1193513030199451648,1573586874000,2019-11-12,22:27:54,MSK,2571469788,jacqui_osz,jacqui osz,,"@Timcast evidence of the amazon forest fire being politically motivated by blaming climate change. look at netflix series MARS. in the last episode, they mention the amazon fires...before the amazon fire happened. the movie was being filmed in 2018 not 2019.",['timcast'],[],[],0,0,0,[],[],https://twitter.com/jacqui_osz/status/1194336030826127365,False,,0,,,,,,,"[{'user_id': '2571469788', 'username': 'jacqui_osz'}, {'user_id': '27000730', 'username': 'Timcast'}]",
1194335219874172934,1194335219874172934,1573586680000,2019-11-12,22:24:40,MSK,2571469788,jacqui_osz,jacqui osz,,"@Timcast evidence of the amazon forest fire being politically motivated by blaming climate change. look at netflix series MARS. in the last episode, they mention the amazon fires...before the amazon fire happened. the movie was being filmed in 2018 not 2019.",['timcast'],[],[],1,0,0,[],[],https://twitter.com/jacqui_osz/status/1194335219874172934,False,,0,,,,,,,"[{'user_id': '2571469788', 'username': 'jacqui_osz'}, {'user_id': '27000730', 'username': 'Timcast'}]",
1182067903689965568,1182066643620503552,1570661924000,2019-10-10,01:58:44,MSK,974888173,chris12902,chris,,"the amazon rain forest fire: shows how fucked we are if we don't tackle climate change now. 1 week of press attention
H K situation: shows... how much the people there want to be colonized again by flying flags of the UK and US? 1 month of press attention",['cloneteee1019'],[],[],1,0,1,[],[],https://twitter.com/Chris12902/status/1182067903689965568,False,,0,,,,,,,"[{'user_id': '974888173', 'username': 'Chris12902'}, {'user_id': '930214288584839169', 'username': 'CloneTeee1019'}]",
1180361443193114631,1180239348358352898,1570255072000,2019-10-05,08:57:52,MSK,742089277975236608,realkeirreeves,Keir Reeves,,"..... because Climate Change is all about politics & bugger-all to do with science. Why do you think that an unremarkable forest fire in The Amazon became global news? Answer, because now there is a right-wing government in charge.","['cmorrisonesq', 'dvatw']",[],[],0,0,0,[],[],https://twitter.com/realKeirReeves/status/1180361443193114631,False,,0,,,,,,,"[{'user_id': '742089277975236608', 'username': 'realKeirReeves'}, {'user_id': '1118861449160474624', 'username': 'CMorrisonEsq'}, {'user_id': '19899606', 'username': 'DVATW'}]",
1179997058758922244,1179997058758922244,1570168196000,2019-10-04,08:49:56,MSK,20886086,flipout,Flipeezy,,"nobody can chop like the 2019 @QtipTheAbstract none of these new arrogant idiots that's for sure. this danny brown album is climate change amazon rain forest fire. ""Best Life""????  geeeeeeeeeeeeez",['qtiptheabstract'],[],[],1,0,6,[],[],https://twitter.com/Flipout/status/1179997058758922244,False,,0,,,,,,,"[{'user_id': '20886086', 'username': 'Flipout'}, {'user_id': '8320242', 'username': 'QtipTheAbstract'}]",
1178618433237159937,1178618433237159937,1569839506000,2019-09-30,13:31:46,MSK,1033972812799590400,katyawisnewskig,Katya Wisnewski-Garcia,,Greenpeace activists protesting in front of the House of Economy in Germany to draw attention to the Amazon forest fire #ClimateCrisis #ClimateEmergency #ClimateChange @Greenpeace @GreenpeaceNZ @WombleKiwi @ExtinctionNZ @RealLucyLawless @ExtinctionR https://twitter.com/greenpeace_de/status/1178591377946533888¬†‚Ä¶,"['greenpeace', 'greenpeacenz', 'womblekiwi', 'extinctionnz', 'reallucylawless', 'extinctionr']",['https://twitter.com/greenpeace_de/status/1178591377946533888'],[],0,0,1,"['#climatecrisis', '#climateemergency', '#climatechange']",[],https://twitter.com/katyawisnewskiG/status/1178618433237159937,False,https://twitter.com/greenpeace_de/status/1178591377946533888,0,,,,,,,"[{'user_id': '1033972812799590400', 'username': 'katyawisnewskiG'}, {'user_id': '3459051', 'username': 'Greenpeace'}, {'user_id': '4077671', 'username': 'GreenpeaceNZ'}, {'user_id': '881200310538170369', 'username': 'WombleKiwi'}, {'user_id': '1074207042284380161', 'username': 'ExtinctionNZ'}, {'user_id': '487412249', 'username': 'RealLucyLawless'}, {'user_id': '1019974187975430144', 'username': 'ExtinctionR'}]",
1178459356934725632,1177646881243123715,1569801580000,2019-09-30,02:59:40,MSK,800853949473357824,lunarh12,Agathe Lickt,,How so? Can you elaborate? I can elaborate on my response: because vegans care about animals and our planet. Eating meat is animal abuse and is one of the main reasons for climate change and the Amazon rain forest fire. Now your turn.,"['clapsho2', 'joshuagib_son', 'peta', 'hugavegan']",[],[],2,0,0,[],[],https://twitter.com/lunarh12/status/1178459356934725632,False,,0,,,,,,,"[{'user_id': '800853949473357824', 'username': 'lunarh12'}, {'user_id': '1163521591915028480', 'username': 'clapsho2'}, {'user_id': '1160994354451931136', 'username': 'JoshuaGib_son'}, {'user_id': '9890492', 'username': 'peta'}, {'user_id': '1463163494', 'username': 'HugAVegan'}]",
1178243841805017089,1178243841805017089,1569750197000,2019-09-29,12:43:17,MSK,810119615070146560,_aruchi,Blue (I'm selling stickors!!!),,"What if mag design ako ng Kaijus na nagrrepresent sa global warming and climate change or sa mga large tragic incidents like yung Amazon forest fire something like dat,
Just like how Godzilla symbolizes the nuclear bombing at Hiroshima and Nagasaki back in 1940s(?)",[],[],[],1,0,0,[],[],https://twitter.com/_AruChi/status/1178243841805017089,False,,0,,,,,,,"[{'user_id': '810119615070146560', 'username': '_AruChi'}]",
1177831923806113792,1177831923806113792,1569651988000,2019-09-28,09:26:28,MSK,3180703524,galaxysilver_,üå∏i Sho,,"Sorry for being super angry and emotional in general this week, there are way too much problems my country has. Also international problem like Amazon forest fire and climate change too... It's overwhelming. But nowadays we have to keep more than one problem in mind.",[],[],[],1,0,0,[],[],https://twitter.com/galaxysilver_/status/1177831923806113792,False,,0,,,,,,,"[{'user_id': '3180703524', 'username': 'galaxysilver_'}]",
1176741715153174529,1176741715153174529,1569392062000,2019-09-25,09:14:22,MSK,925303264291295232,hungarianplanet,Hungarian Planet,,"Fight climate change, forest fire climate protest T-Shirt Meme tshirt  https://www.amazon.com/dp/B07YBF3BT3/ref=cm_sw_r_tw_dp_U_x_wqWIDb1PRFAMR¬†‚Ä¶ via @amazon",['amazon'],['https://www.amazon.com/dp/B07YBF3BT3/ref=cm_sw_r_tw_dp_U_x_wqWIDb1PRFAMR'],[],1,1,0,[],[],https://twitter.com/HungarianPlanet/status/1176741715153174529,False,,0,,,,,,,"[{'user_id': '925303264291295232', 'username': 'HungarianPlanet'}, {'user_id': '20793816', 'username': 'amazon'}]",
1176515105338449920,1176515105338449920,1569338034000,2019-09-24,18:13:54,MSK,240529692,pizzzachan,Ariel Ïï†Î†π,,"Gosh... first the amazon forest fire, then the Sumatra forest fire. The sky looked like inferno. I‚Äôm already suffering asthma attacks. How are the kids over there? üò¢ #ClimateChange
 https://mobile.reuters.com/?videoId=604246146¬†‚Ä¶",[],['https://mobile.reuters.com/?videoId=604246146'],[],0,0,0,['#climatechange'],[],https://twitter.com/pizzzachan/status/1176515105338449920,False,,0,,,,,,,"[{'user_id': '240529692', 'username': 'pizzzachan'}]",
1176076466854883328,1176073768340480002,1569233454000,2019-09-23,13:10:54,MSK,1163726600363319296,joeyung111,Joe Yung üò∑,,"Carbon Monoxide Concentration in China vs Amazon Forest Fire
#ClimateChange  pic.twitter.com/VhAE6Nhnm3",['time'],[],['https://pbs.twimg.com/media/EFJDTnfUYAA4B9Y.jpg'],1,21,43,['#climatechange'],[],https://twitter.com/JoeYung111/status/1176076466854883328,False,,0,,,,,,,"[{'user_id': '1163726600363319296', 'username': 'JoeYung111'}, {'user_id': '14293310', 'username': 'TIME'}]",
1175817873526333440,1175817873526333440,1569171801000,2019-09-22,20:03:21,MSK,2608344686,obillie59,Billy Joe,,The Amazon burns. But another part of Brazil is being destroyed faster - CNN #plants #AmazonRainforest #brazil #ecosystem #forest #fire #ClimateChange  https://apple.news/A1AADA0QsSpuD36lUCMHIEQ¬†‚Ä¶,[],['https://apple.news/A1AADA0QsSpuD36lUCMHIEQ'],[],0,0,0,"['#plants', '#amazonrainforest', '#brazil', '#ecosystem', '#forest', '#fire', '#climatechange']",[],https://twitter.com/obillie59/status/1175817873526333440,False,,0,,,,,,,"[{'user_id': '2608344686', 'username': 'obillie59'}]",
1173906132353478657,1173906132353478657,1568716006000,2019-09-17,13:26:46,MSK,976850133840097280,bridgie__,Bridgette Dani,,"Whoever‚Äôs responsible for the forest fire in Kalimantan, Indonesia don‚Äôt, maybe CAN‚ÄôT learn that climate change is real and that it‚Äôs happening this very moment. I mean the Amazon fire should‚Äôve been a wake up call since Borneo is one of the largest rainforests in the world.",[],[],[],0,0,0,[],[],https://twitter.com/bridgie__/status/1173906132353478657,False,,0,,,,,,,"[{'user_id': '976850133840097280', 'username': 'bridgie__'}]",
1172838678479212544,1172838678479212544,1568461505000,2019-09-14,14:45:05,MSK,1056353090801188865,owningheadlines,Owning Headlines,,"The world couldn't do much when Amazon was turning to ashes and the world is silent again as the forest fire in the South East Asian island of Sumatra has caused another man-made disaster leading to the loss of enormous biodiversity.
#AmazonFire #Sumatra #ClimateChange #Indonesia pic.twitter.com/niGIi5SuJl",[],[],['https://pbs.twimg.com/media/EEbCj_cXUAAYfB6.jpg'],0,0,0,"['#amazonfire', '#sumatra', '#climatechange', '#indonesia']",[],https://twitter.com/OwningHeadlines/status/1172838678479212544,False,,0,,,,,,,"[{'user_id': '1056353090801188865', 'username': 'OwningHeadlines'}]",
1171494044997828612,1171494044997828612,1568140920000,2019-09-10,21:42:00,MSK,1343645053,climatewed,ICCDI AFRICA,,"Did it make any difference that the Amazon Forest Fire happened during the Latin America Climate Week?

Find out on this episode of the #ClimateTalk Podcast:  http://climatetalkpodcast.com/ct009-the-politics-behind-the-amazon-forest-fire/¬†‚Ä¶
#ActForTheAmazon
#ClimateAction #ClimateChange  pic.twitter.com/vtAe0edbXP",[],['http://climatetalkpodcast.com/ct009-the-politics-behind-the-amazon-forest-fire/'],['https://pbs.twimg.com/media/EDkPUoSW4AA3W01.jpg'],0,3,4,"['#climatetalk', '#actfortheamazon', '#climateaction', '#climatechange']",[],https://twitter.com/ClimateWed/status/1171494044997828612,False,,0,,,,,,,"[{'user_id': '1343645053', 'username': 'ClimateWed'}]",
1169683527144591361,1169683527144591361,1567709259000,2019-09-05,21:47:39,MSK,168498499,surya_saha,Surya Saha,,Forest fire and blockchain as a solution? #blockshine #blockchain #amazon #ngo #donations #climatechange #tech #technology #blockchaintech #deforestation #brazil #amazon #rainforest pic.twitter.com/2ZdigUbQOV,[],[],['https://pbs.twimg.com/media/EDuM8lgVAAAIo_p.jpg'],0,0,1,"['#blockshine', '#blockchain', '#amazon', '#ngo', '#donations', '#climatechange', '#tech', '#technology', '#blockchaintech', '#deforestation', '#brazil', '#amazon', '#rainforest']",[],https://twitter.com/surya_saha/status/1169683527144591361,False,,0,,,,,,,"[{'user_id': '168498499', 'username': 'surya_saha'}]",
1168945215803146240,1168945215803146240,1567533232000,2019-09-03,20:53:52,MSK,3301691399,alanselvam,Selvam,,"Latest #shortfilm, Tathastu | Short Film on Climate Change Inspired by Amazon Forest Fire published by Sudeep Kumar  https://zurl.co/y6Fk¬†  https://www.instagram.com/p/B19UmT9BjE0/?igshid=1d0by8bkn2w0i¬†‚Ä¶",[],"['https://zurl.co/y6Fk', 'https://www.instagram.com/p/B19UmT9BjE0/?igshid=1d0by8bkn2w0i']",[],0,0,0,['#shortfilm'],[],https://twitter.com/alanselvam/status/1168945215803146240,False,,0,,,,,,,"[{'user_id': '3301691399', 'username': 'alanselvam'}]",
1168944745386860544,1168944745386860544,1567533119000,2019-09-03,20:51:59,MSK,3301691399,alanselvam,Selvam,,"Latest #shortfilm, Tathastu | Short Film on Climate Change Inspired by Amazon Forest Fire published by Sudeep Kumar  https://zcu.io/y6Fk¬† pic.twitter.com/UJblfq2Etd",[],['https://zcu.io/y6Fk'],['https://pbs.twimg.com/media/EDjtDLKX4AUSyes.jpg'],0,0,0,['#shortfilm'],[],https://twitter.com/alanselvam/status/1168944745386860544,False,,0,,,,,,,"[{'user_id': '3301691399', 'username': 'alanselvam'}]",
1167625447628103683,1167625447628103683,1567218574000,2019-08-31,05:29:34,MSK,43224016,drminh,Dr. Minh,,"Bernie, you are correct.
Republicans never dare to admit Trump started the climate change before he ran for president. 
AT LEAST THEY ADMIT TRUMP STARTED THE AMAZON FOREST FIRE  https://twitter.com/BernieSanders/status/1167521429191122944¬†‚Ä¶",[],['https://twitter.com/BernieSanders/status/1167521429191122944'],[],0,0,0,[],[],https://twitter.com/drminh/status/1167625447628103683,False,https://twitter.com/BernieSanders/status/1167521429191122944,0,,,,,,,"[{'user_id': '43224016', 'username': 'drminh'}]",
1167624536126189568,1167624536126189568,1567218357000,2019-08-31,05:25:57,MSK,43224016,drminh,Dr. Minh,,"Dan, Trump started the climate change 8 years before he started the Amazon forest fire.
We agree here  https://twitter.com/DanRather/status/1167524772449673216¬†‚Ä¶",[],['https://twitter.com/DanRather/status/1167524772449673216'],[],0,0,0,[],[],https://twitter.com/drminh/status/1167624536126189568,False,https://twitter.com/DanRather/status/1167524772449673216,0,,,,,,,"[{'user_id': '43224016', 'username': 'drminh'}]",
1167439614640041984,1167439614640041984,1567174268000,2019-08-30,17:11:08,MSK,1399061389,miadschaem,Mirjam H√§gele,,"A forest fire of the eons: Not only the Amazon is on fire. We are retrieving, burning, and metabolizing all the forests and sea life ever buried in earth's history. Epical language to describe the global industrial metabolism. Must read!  https://www.theatlantic.com/science/archive/2019/08/amazon-fire-earth-has-plenty-oxygen/596923/¬†‚Ä¶ #climatechange",[],['https://www.theatlantic.com/science/archive/2019/08/amazon-fire-earth-has-plenty-oxygen/596923/'],[],0,0,0,['#climatechange'],[],https://twitter.com/miadschaem/status/1167439614640041984,False,,0,,,,,,,"[{'user_id': '1399061389', 'username': 'miadschaem'}]",
1167360041843736577,1167360041843736577,1567155297000,2019-08-30,11:54:57,MSK,2463488753,fazrin_102,[ FAZ ] Fazrin Ismail,,"THE AMAZON.... The forest fire. If America willing to help, they must not to offer of anyone. Becoz the climate change involve major numbers of countries in this world....

Tun.M @chedetofficial should encourage world leaders to caring the cleaning of air together.... https://twitter.com/QuickTake/status/1167358992903020544¬†‚Ä¶",['chedetofficial'],['https://twitter.com/QuickTake/status/1167358992903020544'],[],0,0,0,[],[],https://twitter.com/Fazrin_102/status/1167360041843736577,False,https://twitter.com/QuickTake/status/1167358992903020544,0,,,,,,,"[{'user_id': '2463488753', 'username': 'Fazrin_102'}, {'user_id': '2974181588', 'username': 'chedetofficial'}]",
1166939560397463552,1166939560397463552,1567055046000,2019-08-29,08:04:06,MSK,450062038,jacq_dullea,Ariana Grand Theft Auto,,Y‚Äôall really sensationalized the Amazon rainforest fires from blaming it on climate change to using old pictures of a forest fire (that‚Äôs not even the amazon) to spreading a false figure that the Amazon produces 20% of the worlds oxygen... do some research before spreading bs,[],[],[],1,0,0,[],[],https://twitter.com/jacq_dullea/status/1166939560397463552,False,,0,,,,,,,"[{'user_id': '450062038', 'username': 'jacq_dullea'}]",
1166761662709284865,1166761662709284865,1567012632000,2019-08-28,20:17:12,MSK,2229663816,cardnumber0,Soutarou Nagase,,"Donald Trump has been ignoring the victims of climate crisis, hurricane and forest fire in the US.

#ClimateEmergency #ClimateChange #Climatecrisis #Trump #Amazon",[],[],[],1,0,0,"['#climateemergency', '#climatechange', '#climatecrisis', '#trump', '#amazon']",[],https://twitter.com/cardnumber0/status/1166761662709284865,False,,0,,,,,,,"[{'user_id': '2229663816', 'username': 'cardnumber0'}]",
1166727190194597888,1166557081673113602,1567004413000,2019-08-28,18:00:13,MSK,886021156528156672,jimbob9600,Rising Stocks Long Term,,"Why are you on here and not in the Amazon putting out a fire? Shouldn't all you Climate change individuals be down there fighting for 20% Oxygen?  Instead you are all here blowing off more steam doing nothing. Why aren't you all forest fire fighters, volunteers, and reserves.","['senordane', 'dangarry3', 'aoc']",[],[],0,0,0,[],[],https://twitter.com/jimbob9600/status/1166727190194597888,False,,0,,,,,,,"[{'user_id': '886021156528156672', 'username': 'jimbob9600'}, {'user_id': '2892715595', 'username': 'senorDane'}, {'user_id': '1014535848765751296', 'username': 'DanGarry3'}, {'user_id': '138203134', 'username': 'AOC'}]",
1166678529095766016,1166678529095766016,1566992811000,2019-08-28,14:46:51,MSK,1130683474199760901,voidmortal,MortalSeverance,,"Weathering with you

Tapos nangyare ung amazon forest fire
Climate change with you na susunod na movie",[],[],[],0,0,4,[],[],https://twitter.com/VoidMortal/status/1166678529095766016,False,,0,,,,,,,"[{'user_id': '1130683474199760901', 'username': 'VoidMortal'}]",
1166421454944198656,1166421454944198656,1566931520000,2019-08-27,21:45:20,MSK,4319821756,americagreen_,America Green Solar,,"This poses as a huge threat for all living creatures because of the current forest fire. Let's #prayforAmazon.

#LetsPaintAmericaGreen #GoGreenSaveGreen #nature #climatechange #fire #amazon #deforestation #didyouknow #facts #trees #savetheamazon #forestfire #rainforest #tuesday pic.twitter.com/lgksaqm99o",[],[],['https://pbs.twimg.com/media/EC_2IdnXkAEUj6c.png'],0,2,2,"['#prayforamazon', '#letspaintamericagreen', '#gogreensavegreen', '#nature', '#climatechange', '#fire', '#amazon', '#deforestation', '#didyouknow', '#facts', '#trees', '#savetheamazon', '#forestfire', '#rainforest', '#tuesday']",[],https://twitter.com/AmericaGreen_/status/1166421454944198656,False,,0,,,,,,,"[{'user_id': '4319821756', 'username': 'AmericaGreen_'}]",
1166337717011132416,1166337717011132416,1566911555000,2019-08-27,16:12:35,MSK,298862267,newmrick,Richard Newman,,"#ThoughtOfTheDay ... Wow... 22 Million from 7 countries to fight the Amazon Rain Forest Fire. Could they spare it? No wonder Brazil will probably not accept it. Good thing our Idiot missed the Climate Change G7 meeting, they were better off without him!",[],[],[],0,0,0,['#thoughtoftheday'],[],https://twitter.com/newmrick/status/1166337717011132416,False,,0,,,,,,,"[{'user_id': '298862267', 'username': 'newmrick'}]",
1166306078264455168,1166270578254372864,1566904012000,2019-08-27,14:06:52,MSK,1043138885088432129,harshit44630510,Harshit Sharma,,"They just rejected the payment 
I'm not saying it's a forest fire.. Bolsenaro has been keen on giving out mining rights to companies for a long time now and Amazon burning down only helps him
This *causes* climate change","['cribbettpeter', 'ohcrap91', 'forbes']",[],[],1,0,0,[],[],https://twitter.com/Harshit44630510/status/1166306078264455168,False,,0,,,,,,,"[{'user_id': '1043138885088432129', 'username': 'Harshit44630510'}, {'user_id': '1146394503084855296', 'username': 'CribbettPeter'}, {'user_id': '1104481262683734016', 'username': 'ohcrap91'}, {'user_id': '91478624', 'username': 'Forbes'}]",
1166245368385953792,1166245368385953792,1566889538000,2019-08-27,10:05:38,MSK,3121180822,dollars800,Vijay Babanrao Wagh,,"#ClimateChange.  #ClimateEmergency. 
#SaveMyPlanet.  

DO I DESERVE THIS PLANET üò¢üò™üòî ?
I DON'T DESERVE THIS PLANET.
Who started the AMAZON FOREST FIRE üî•üëÄüî•üî•üò∞üò¢üò†üò°üôàüôâü§ñüí•üî•‚ú®üå≤üå≥üå¥üåµüåæüåç‚ö°‚õàÔ∏èüå©Ô∏èüåßÔ∏èüåê  https://www.facebook.com/100006621030979/posts/2447509372146407/¬†‚Ä¶",[],['https://www.facebook.com/100006621030979/posts/2447509372146407/'],[],0,0,0,"['#climatechange', '#climateemergency', '#savemyplanet']",[],https://twitter.com/Dollars800/status/1166245368385953792,False,,0,,,,,,,"[{'user_id': '3121180822', 'username': 'Dollars800'}]",
1166229348749172736,1166229348749172736,1566885718000,2019-08-27,09:01:58,MSK,973055596264960000,gjayanth8,G Jayanth,,"#amazonforest #Brazil #JairBolsonaro.   what do you think about Amazon forest fire accident. Is it really climate change or political force change. Stoked by Jair's  encouragement to farmers,loggers and ranchers to speed up efforts to strip away forest and expand Brazil economy.",[],[],[],0,0,0,"['#amazonforest', '#brazil', '#jairbolsonaro']",[],https://twitter.com/GJayanth8/status/1166229348749172736,False,,0,,,,,,,"[{'user_id': '973055596264960000', 'username': 'GJayanth8'}]",
1166142366945873920,1166098476570050560,1566864980000,2019-08-27,03:16:20,MSK,1077744792858169344,margare93369457,Montanagirl,,"Doesn‚Äôt surprise us that @realDonaldTrump & theGOP are not about supporting the every day person! The Amazon Forest fire, deforestation, to pave the way for business will tell you that GOP is not in favor of climate change legislation. #TakeTheSenate2020!","['415holgate', 'jmreycroft', 'realdonaldtrump']",[],[],0,0,2,['#takethesenate2020'],[],https://twitter.com/Margare93369457/status/1166142366945873920,False,,0,,,,,,,"[{'user_id': '1077744792858169344', 'username': 'Margare93369457'}, {'user_id': '3139235347', 'username': '415holgate'}, {'user_id': '1923590408', 'username': 'jmreycroft'}, {'user_id': '25073877', 'username': 'realDonaldTrump'}]",
1166134176891826176,1166134176891826176,1566863028000,2019-08-27,02:43:48,MSK,278814343,oszthewizard,Big Daddy,,"Amazon Forest Fire, Brazil: Deadly Impact on Climate Change  https://www.thehoardplanet.com/amazon-forest-fire-in-brazil/¬†‚Ä¶",[],['https://www.thehoardplanet.com/amazon-forest-fire-in-brazil/'],[],0,0,0,[],[],https://twitter.com/OsZtheWizard/status/1166134176891826176,False,,0,,,,,,,"[{'user_id': '278814343', 'username': 'OsZtheWizard'}]",
1166100193718276096,1166043586380599296,1566854925000,2019-08-27,00:28:45,MSK,1050924788313657344,menotabot1,menotabot,,"Omg. I didn‚Äôt realize there was never a forest fire in the Amazon before. We must overreact to the situation and crush the world economy to save the planet!  Money is no object even for the poor!  Get real people, these events happen every year.  Climate change will happen despit",['senduckworth'],[],[],0,0,0,[],[],https://twitter.com/menotabot1/status/1166100193718276096,False,,0,,,,,,,"[{'user_id': '1050924788313657344', 'username': 'menotabot1'}, {'user_id': '1058520120', 'username': 'SenDuckworth'}]",
1166061075613265926,1165997949928837122,1566845599000,2019-08-26,21:53:19,MSK,4822865883,josephgreilly62,Joe Reilly,,"OK Senator I know science is hard for you but the Amazon is having a FOREST FIRE not a climate change issue. Additionally ""Climate Change"" is not a crisis. The planets climate is changing as expected AND as it has done EXACTLY THE SAME WAY IN THE PAST. Your hoax is about power.","['senschumer', 'realdonaldtrump']",[],[],0,0,0,[],[],https://twitter.com/JosephGReilly62/status/1166061075613265926,False,,0,,,,,,,"[{'user_id': '4822865883', 'username': 'JosephGReilly62'}, {'user_id': '17494010', 'username': 'SenSchumer'}, {'user_id': '25073877', 'username': 'realDonaldTrump'}]",
1166036054056558592,1165535548766920704,1566839633000,2019-08-26,20:13:53,MSK,3254727170,xpconinc,xpcon,,Donald didn‚Äôt attending climate change because he was busy fighting  amazon forest fire.  pic.twitter.com/lpJQcVZYlJ,"['realdonaldtrump', 'borisjohnson']",[],['https://pbs.twimg.com/media/EC6XnBmXkAEJIdC.jpg'],0,0,0,[],[],https://twitter.com/xpconinc/status/1166036054056558592,False,,0,,,,,,,"[{'user_id': '3254727170', 'username': 'xpconinc'}, {'user_id': '25073877', 'username': 'realDonaldTrump'}, {'user_id': '3131144855', 'username': 'BorisJohnson'}]",
1166025843522580483,1165610817208934400,1566837199000,2019-08-26,19:33:19,MSK,968564760,flintymaguire,Flinty Maguire,,"The Trump guy, with all his staff and security, didn't manage to turn up for a meeting on climate change and the Amazon forest fire. He gets paid to do a job and he doesn't do it. #Flaky #MAGA #G7

I guess Trump was leaving the decisions to the experts. Out of his depth.","['theofficertatum', 'walshfreedom']",[],[],0,0,0,"['#flaky', '#maga', '#g7']",[],https://twitter.com/FlintyMaguire/status/1166025843522580483,False,,0,,,,,,,"[{'user_id': '968564760', 'username': 'FlintyMaguire'}, {'user_id': '2480268229', 'username': 'TheOfficerTatum'}, {'user_id': '236487888', 'username': 'WalshFreedom'}]",
1166015781588492288,1166015781588492288,1566834800000,2019-08-26,18:53:20,MSK,745558160,zoomeradvocate,jake,,"So half of the Amazon forest fire story is just celebrities virtue signaling about climate change and stuff they don‚Äôt understand, and the other half is just so they can dunk on Bolsinaro, and all of it is bs? Nice  https://twitter.com/ShellenbergerMD/status/1165864759788392449¬†‚Ä¶",[],['https://twitter.com/ShellenbergerMD/status/1165864759788392449'],[],0,0,0,[],[],https://twitter.com/zoomeradvocate/status/1166015781588492288,False,https://twitter.com/ShellenbergerMD/status/1165864759788392449,0,,,,,,,"[{'user_id': '745558160', 'username': 'zoomeradvocate'}]",
1165989107044114432,1165989107044114432,1566828440000,2019-08-26,17:07:20,MSK,704141096159309826,markarodrig,Mark A Rodriguez,,"Looking at this Amazon rain forest fire, I don‚Äôt doubt that it was done purposely to push the climate change propaganda",[],[],[],4,12,9,[],[],https://twitter.com/markarodrig/status/1165989107044114432,False,,0,,,,,,,"[{'user_id': '704141096159309826', 'username': 'markarodrig'}]",
1165961504384045056,1165961504384045056,1566821859000,2019-08-26,15:17:39,MSK,390903601,changsup1,changsup,,#climate_change #Brazil #rain_forest_fire Leonardo DiCaprio's new environment initiative just committed $5 million to protecting the Amazon rainforest after an alarming surge in wildfires  https://www.insider.com/leonardo-dicaprio-earth-alliance-commits-5-million-to-amazon-wildfires-2019-8?utm_source=twitter&utm_medium=referral&utm_content=topbar&utm_term=desktop&referrer=twitter¬†‚Ä¶ via @thisisinsider,['thisisinsider'],['https://www.insider.com/leonardo-dicaprio-earth-alliance-commits-5-million-to-amazon-wildfires-2019-8?utm_source=twitter&utm_medium=referral&utm_content=topbar&utm_term=desktop&referrer=twitter'],[],0,0,0,"['#climate_change', '#brazil', '#rain_forest_fire']",[],https://twitter.com/changsup1/status/1165961504384045056,False,,0,,,,,,,"[{'user_id': '390903601', 'username': 'changsup1'}, {'user_id': '3226282347', 'username': 'thisisinsider'}]",
1165934543183859712,1165918301932916736,1566815431000,2019-08-26,13:30:31,MSK,1026491963703406593,mirandatedder4,Miranda (Mandy) Tedder,,Yep... Just like High School are teaching Nazi Propaganda.  SMH....  ABC to thank for that story.  They found 1 group if that group even exists and blew it UP!  I'm sick of the lies but at least my local news is telling the truth about Amazon Forest Fire.  BTW. NOT CLIMATE CHANGE,['realdonaldtrump'],[],[],0,0,0,[],[],https://twitter.com/MirandaTedder4/status/1165934543183859712,False,,0,,,,,,,"[{'user_id': '1026491963703406593', 'username': 'MirandaTedder4'}, {'user_id': '25073877', 'username': 'realDonaldTrump'}]",
1165881185072906240,1165881185072906240,1566802710000,2019-08-26,09:58:30,MSK,247196798,twistedblaster,Ken Lundgreen,,Amazon forest fire üò•üò•üò•  earth song  michael jackson  https://youtu.be/RRVY06Ih5Dc¬† via @YouTube XR #ExtinctionRebellion global warming #GlobalHeating climate change #ClimateCrisis #NTHE #WASF,['youtube'],['https://youtu.be/RRVY06Ih5Dc'],[],0,0,0,"['#extinctionrebellion', '#globalheating', '#climatecrisis', '#nthe', '#wasf']",[],https://twitter.com/twistedblaster/status/1165881185072906240,False,,0,,,,,,,"[{'user_id': '247196798', 'username': 'twistedblaster'}, {'user_id': '10228272', 'username': 'YouTube'}]",
1165780011456040966,1165780011456040966,1566778588000,2019-08-26,03:16:28,MSK,1068224242922242048,hawalewicz,Kinga Hawalewicz,,Guys I wanna say summat:As you all know about Amazon forest fire & its only 18 months left for our climate to change completely.Can we please plant 2 trees at our homes on 1st & 12th Sep in Jungkook and RM's name. #SavingAmazon #SaveEarth #ForJungkookandRM Let's spread the wordüíú,[],[],[],0,0,0,"['#savingamazon', '#saveearth', '#forjungkookandrm']",[],https://twitter.com/hawalewicz/status/1165780011456040966,False,,0,,,,,,,"[{'user_id': '1068224242922242048', 'username': 'hawalewicz'}]",
1165665857369886720,1165664682952163328,1566751372000,2019-08-25,19:42:52,MSK,832455176120250369,momortez,momomortez,,Climate change Alert....African forest fire bigger than Amazon....3900 fires in last 48 hours in Angola.....,['realdonaldtrump'],[],[],0,0,0,[],[],https://twitter.com/momortez/status/1165665857369886720,False,,0,,,,,,,"[{'user_id': '832455176120250369', 'username': 'momortez'}, {'user_id': '25073877', 'username': 'realDonaldTrump'}]",
1165663847593590784,1165663847593590784,1566750892000,2019-08-25,19:34:52,MSK,920670079125143552,neichphao18,joonie_18,,"Guys I want to say something can I? 
The thing is as you all know about Amazon forest fire and its only 18 months left for our climate to change completely. Can we please plant 2 trees at our home on 1st and 12th Sept in Jungkook and RM's name.",[],[],[],1,1,1,[],[],https://twitter.com/neichphao18/status/1165663847593590784,False,,0,,,,,,,"[{'user_id': '920670079125143552', 'username': 'neichphao18'}]",
1165639262018002944,1165639262018002944,1566745031000,2019-08-25,17:57:11,MSK,32602399,simonetarantino,¬© Simone Tarantino,,".@NASA‚Äôs #Amazon #forest #fire map shows just how much trouble we‚Äôre in
#ClimateChange #HumanEffect https://www.slashgear.com/nasas-amazon-forest-fire-map-shows-just-how-much-trouble-were-in-23588502/¬†‚Ä¶",['nasa'],['https://www.slashgear.com/nasas-amazon-forest-fire-map-shows-just-how-much-trouble-were-in-23588502/'],[],0,0,1,"['#amazon', '#forest', '#fire', '#climatechange', '#humaneffect']",[],https://twitter.com/simonetarantino/status/1165639262018002944,False,,0,,,,,,,"[{'user_id': '32602399', 'username': 'simonetarantino'}, {'user_id': '11348282', 'username': 'NASA'}]",
1165633856734715905,1165633856734715905,1566743742000,2019-08-25,17:35:42,MSK,2368067429,mollyrs15,Molly,,"Why we should care about the Amazon Rain forest Fire, and how we can hel...  https://youtu.be/o0pe71IUL8Q¬† via @YouTube #ClimateChange #AmazonRainforest #AmazonFire",['youtube'],['https://youtu.be/o0pe71IUL8Q'],[],0,0,0,"['#climatechange', '#amazonrainforest', '#amazonfire']",[],https://twitter.com/mollyrs15/status/1165633856734715905,False,,0,,,,,,,"[{'user_id': '2368067429', 'username': 'mollyrs15'}, {'user_id': '10228272', 'username': 'YouTube'}]",
1165618565204119552,1165489391197802496,1566740096000,2019-08-25,16:34:56,MSK,1032699247307776000,seijohxfg,sean,,im not being closed-minded it‚Äôs just clearly not meat eaters that are causing the amazon forest fire?? if i‚Äôm eating chicken how is that the biggest cause of climate change  pic.twitter.com/h0ckVSRhNM,"['adorablecmb', 'jamescharles']",[],[],0,0,1,[],[],https://twitter.com/seijohxfg/status/1165618565204119552,False,,1,,,,,,,"[{'user_id': '1032699247307776000', 'username': 'seijohxfg'}, {'user_id': '2433306140', 'username': 'ADORABLECMB'}, {'user_id': '1117786405', 'username': 'jamescharles'}]",
1165584610266210304,1165584610266210304,1566732001000,2019-08-25,14:20:01,MSK,1025450422859788288,sukanya_kimtae,Sukanya Devi,,The thing is as you all know about Amazon forest fire. And its only 18 months left for our climate to change completely. Can we please plant 2 trees at our home on 1st and 12th September in Jungkook and RM's name. #SavingAmazon #SaveEarth #ForJungkookandRM Let's spread the word. pic.twitter.com/FqdtOSekkk,[],[],['https://pbs.twimg.com/media/ECz9Bm_UYAEDsPc.jpg'],0,1,3,"['#savingamazon', '#saveearth', '#forjungkookandrm']",[],https://twitter.com/Sukanya_KimTae/status/1165584610266210304,False,,0,,,,,,,"[{'user_id': '1025450422859788288', 'username': 'Sukanya_KimTae'}]",
1165568861728468993,1165568861728468993,1566728246000,2019-08-25,13:17:26,MSK,1116726445881970688,2005moonchild,RM'S MOONCHILD Kristi,,The thing is as you all know about Amazon forest fire.And its only 18 months left for our climate to change completely.Can we please plant 2 trees at our home on 1st and 12th September in Jungkook and RM's name.Upload it on #SavingAmazon #SaveEarth #ForJungkookandRM,[],[],[],0,0,4,"['#savingamazon', '#saveearth', '#forjungkookandrm']",[],https://twitter.com/2005Moonchild/status/1165568861728468993,False,,0,,,,,,,"[{'user_id': '1116726445881970688', 'username': '2005Moonchild'}]",
1165562882651652096,1165476537203712000,1566726820000,2019-08-25,12:53:40,MSK,1124626020043124736,elmaria88068394,ElmariaJin‚ô°,,"*Guys I want to say something can I??*
*The thing is as you all know about Amazon forest fire.* *And its only 18 months left for our climate to change completely.* *Can we please plant 2 trees at our home on 1st and 12th September in Jungkook and RM's name.*",['bts_twt'],[],[],0,0,0,[],[],https://twitter.com/Elmaria88068394/status/1165562882651652096,False,,0,,,,,,,"[{'user_id': '1124626020043124736', 'username': 'Elmaria88068394'}, {'user_id': '335141638', 'username': 'BTS_twt'}]",
1165562652325638144,1165562652325638144,1566726766000,2019-08-25,12:52:46,MSK,1124626020043124736,elmaria88068394,ElmariaJin‚ô°,,"*Guys I want to say something can I??*
*The thing is as you all know about Amazon forest fire.* *And its only 18 months left for our climate to change completely.* *Can we please plant 2 trees at our home on 1st and 12th September in Jungkook and RM's name.*",[],[],[],1,0,1,[],[],https://twitter.com/Elmaria88068394/status/1165562652325638144,False,,0,,,,,,,"[{'user_id': '1124626020043124736', 'username': 'Elmaria88068394'}]",
1165504449789382656,1165504449789382656,1566712889000,2019-08-25,09:01:29,MSK,83267554,zivamp,zzah,,"This context kindda feel wrong with the massive forest fire in Amazon at the moment.

Even in my country people still want to build house near the beach despite we all believe in climate change it's because despite its inevitability...  https://twitter.com/charliekirk11/status/1165395539535360000¬†‚Ä¶",[],['https://twitter.com/charliekirk11/status/1165395539535360000'],[],1,0,0,[],[],https://twitter.com/zivamp/status/1165504449789382656,False,https://twitter.com/charliekirk11/status/1165395539535360000,0,,,,,,,"[{'user_id': '83267554', 'username': 'zivamp'}]",
1165405809909456896,1165405809909456896,1566689371000,2019-08-25,02:29:31,MSK,812857520,venzedanniele,venze,,"hi, this is a friendly reminder na bawasan na natin plastic usage natin please lang aware naman tayo sa amazon forest fire diba hdheh

it's called climate change sis we need to change",[],[],[],1,1,2,[],[],https://twitter.com/venzedanniele/status/1165405809909456896,False,,0,,,,,,,"[{'user_id': '812857520', 'username': 'venzedanniele'}]",
1165374383822725122,1165374383822725122,1566681879000,2019-08-25,00:24:39,MSK,16058324,karensl,KarenSL‚≠êÔ∏è‚≠êÔ∏è‚≠êÔ∏è,,"I sure hope one or more of the Radical Climate Change/Gore Global Warming Nuts didn't intentionally start the Amazon Forest Fire(2) to have this be a big issue at the G7......do you think those people are that DEVIOUS & RADICAL, Sen. Merkley??  Hope NOT!!!  https://twitter.com/SenJeffMerkley/status/1165006278197960704¬†‚Ä¶",[],['https://twitter.com/SenJeffMerkley/status/1165006278197960704'],[],0,0,0,[],[],https://twitter.com/KarenSL/status/1165374383822725122,False,https://twitter.com/SenJeffMerkley/status/1165006278197960704,0,,,,,,,"[{'user_id': '16058324', 'username': 'KarenSL'}]",
1165342039124279296,1165342039124279296,1566674167000,2019-08-24,22:16:07,MSK,2969784007,_sydneyrella,üíã,,"Yup this climate change will be a super problem soon. Not only Amazon have a forest fire but we have also here in the Philippines. üíî
Try to have a less impact to destroy our beautiful planet. 
As simply as using reusable things for the household or reducing plastics. Go Vegan!üíö  https://twitter.com/vctrlmn/status/1164775184592588800¬†‚Ä¶",[],['https://twitter.com/vctrlmn/status/1164775184592588800'],[],0,0,0,[],[],https://twitter.com/_SYDNEYRELLA/status/1165342039124279296,False,https://twitter.com/vctrlmn/status/1164775184592588800,0,,,,,,,"[{'user_id': '2969784007', 'username': '_SYDNEYRELLA'}]",
1165308252483215360,1164889503200190465,1566666112000,2019-08-24,20:01:52,MSK,893176350160416768,sachigracen,Sachi Grace,,Trump is unconcerned with the Amazon rain forest fire because he'll be dead before it will impact him personally. His pretense that scientists are wrong about climate change permits him to do away with regulations which control the businesses of wealthy donors. The reason is üí∞.,['sethmacfarlane'],[],[],0,0,1,[],[],https://twitter.com/sachigracen/status/1165308252483215360,False,,0,,,,,,,"[{'user_id': '893176350160416768', 'username': 'sachigracen'}, {'user_id': '18948541', 'username': 'SethMacFarlane'}]",
1165281504458678272,1165281504458678272,1566659735000,2019-08-24,18:15:35,MSK,803266829321801729,dwaynemcdevitt,Dwayne McDevitt,,"This video exposing climate change propaganda regarding the Amazon forest fire & the offer to buy Greenland shows how the phrase 'Scientists say' is equal to the phrase 'Sources say', which has been used by the fake news media often. Very informative.

 https://youtu.be/5VHqx8znT1A¬†",[],['https://youtu.be/5VHqx8znT1A'],[],0,0,0,[],[],https://twitter.com/DwayneMcDevitt/status/1165281504458678272,False,,0,,,,,,,"[{'user_id': '803266829321801729', 'username': 'DwayneMcDevitt'}]",
1165203257276297217,1165203257276297217,1566641079000,2019-08-24,13:04:39,MSK,1049259861869883392,notesseekers,SeekersThoughts,,The Amazon Forest Fire #environment # #climatechange #india #pollution #sustainability #watercrisis #health #wildlife #original #news #amazon #forestfire https://www.seekersthoughts.com/2019/08/end-of-human-civilzation-is-near.html#.XWELdV1e3fw.twitter¬†‚Ä¶,[],['https://www.seekersthoughts.com/2019/08/end-of-human-civilzation-is-near.html#.XWELdV1e3fw.twitter'],[],0,0,0,"['#environment', '#climatechange', '#india', '#pollution', '#sustainability', '#watercrisis', '#health', '#wildlife', '#original', '#news', '#amazon', '#forestfire']",[],https://twitter.com/notesseekers/status/1165203257276297217,False,,0,,,,,,,"[{'user_id': '1049259861869883392', 'username': 'notesseekers'}]",
1165171905818767360,1165171905818767360,1566633604000,2019-08-24,11:00:04,MSK,20751449,the_hindu,The Hindu,,"How will the forest fire in #Amazon affect climate change?
 https://trib.al/6qlTMy8¬†",[],['https://trib.al/6qlTMy8'],[],3,22,88,['#amazon'],[],https://twitter.com/the_hindu/status/1165171905818767360,False,,0,,,,,,,"[{'user_id': '20751449', 'username': 'the_hindu'}]",
1165129775419146242,1165129775419146242,1566623560000,2019-08-24,08:12:40,MSK,2741751,arben,Arben Kane,,NASA's Amazon forest fire map shows just how much trouble we're in #ClimateChange  https://www.slashgear.com/nasas-amazon-forest-fire-map-shows-just-how-much-trouble-were-in-23588502/¬†‚Ä¶,[],['https://www.slashgear.com/nasas-amazon-forest-fire-map-shows-just-how-much-trouble-were-in-23588502/'],[],1,0,2,['#climatechange'],[],https://twitter.com/Arben/status/1165129775419146242,False,,0,,,,,,,"[{'user_id': '2741751', 'username': 'Arben'}]",
1165105167085318145,1165105167085318145,1566617693000,2019-08-24,06:34:53,MSK,4035053313,sperlock222,kenly dillard,,"IT DOES NOT LOOK GOOD.""RUSSIA SENDING THE WORLDS FIRST FLOATING REACTOR ACROSS THE ARTIC.""THE AMAZON RAIN FOREST FIRE STARTED BY PEOPLE"",AND DESPITE ICELANDS ACTIVIST HOLDING A FUNERAL FOR ITS  FIRST GLACIER LOST TO CLIMATE CHANGE, ""THE DIRE MESSAGE IS NOT GETTING THROUGH"".  pic.twitter.com/Yq3q94O6nU",[],[],"['https://pbs.twimg.com/media/ECtI90zXYAEP2Us.jpg', 'https://pbs.twimg.com/media/ECtI90yXYAAy6ix.jpg']",0,6,1,[],[],https://twitter.com/sperlock222/status/1165105167085318145,False,,0,,,,,,,"[{'user_id': '4035053313', 'username': 'sperlock222'}]",
1165096046437027840,1165022004392681472,1566615518000,2019-08-24,05:58:38,MSK,25075591,borisw1964,Boris White,,Is he saying climate change is real! And that the amazon forest are the lungs of the planet!   Stop the forest fire!,"['realdonaldtrump', 'jairbolsonaro']",[],[],0,0,0,[],[],https://twitter.com/Borisw1964/status/1165096046437027840,False,,0,,,,,,,"[{'user_id': '25075591', 'username': 'Borisw1964'}, {'user_id': '25073877', 'username': 'realDonaldTrump'}, {'user_id': '128372940', 'username': 'jairbolsonaro'}]",
1165078233655566336,1165078233655566336,1566611271000,2019-08-24,04:47:51,MSK,103860319,avadiax,Avadiax,,"Oh dear ... as if the climate change issue is not bad enough already, Amazon forest fire is just going to make it worse ... much worse.  https://www.nasa.gov/feature/jpl/nasas-airs-maps-carbon-monoxide-from-brazil-fires¬†‚Ä¶",[],['https://www.nasa.gov/feature/jpl/nasas-airs-maps-carbon-monoxide-from-brazil-fires'],[],0,0,0,[],[],https://twitter.com/avadiax/status/1165078233655566336,False,,0,,,,,,,"[{'user_id': '103860319', 'username': 'avadiax'}]",
1165019928807780352,1165019928807780352,1566597370000,2019-08-24,00:56:10,MSK,1067063508926427138,anegativenelly,Negative Nelly,,"Who the fuck cares about what celebrities have to say about the Amazon Rain Forest Fire?
Get back in you private jets and fuck off!
#ClimateChange #AmazonFires",[],[],[],0,0,0,"['#climatechange', '#amazonfires']",[],https://twitter.com/ANegativeNelly/status/1165019928807780352,False,,0,,,,,,,"[{'user_id': '1067063508926427138', 'username': 'ANegativeNelly'}]",
1164950507900809216,1164950507900809216,1566580819000,2019-08-23,20:20:19,MSK,2353881211,cat4hurricane,Alex,,"Hey @SeanCasten I‚Äôm part of your district, and I was wondering if you could bring up the whole Amazon forest fire thing up in your work? Maybe get some official backing so the US can help out? Thanks for helping out on the climate change front.",['seancasten'],[],[],0,0,0,[],[],https://twitter.com/cat4hurricane/status/1164950507900809216,False,,0,,,,,,,"[{'user_id': '2353881211', 'username': 'cat4hurricane'}, {'user_id': '66804351', 'username': 'SeanCasten'}]",
1164900493556092929,1164900493556092929,1566568895000,2019-08-23,17:01:35,MSK,131940632,wearecognitive,Cogni+ive,,The current forest fire in the Amazon is caused by climate change. Watch Cognitive‚Äôs founder Andrew Park‚Äôs ‚ÄúIllustrated Philosopher Episode 04: The Beast and the Bear‚Äù on #Vimeo  https://vimeo.com/265640301¬† with @philosophybites which deals with other aspects of #ClimateChange  pic.twitter.com/c40GLCthaY,['philosophybites'],['https://vimeo.com/265640301'],['https://pbs.twimg.com/media/ECqO0nFW4AAtW0K.jpg'],0,1,5,"['#vimeo', '#climatechange']",[],https://twitter.com/wearecognitive/status/1164900493556092929,False,,0,,,,,,,"[{'user_id': '131940632', 'username': 'wearecognitive'}, {'user_id': '37238862', 'username': 'philosophybites'}]",
1164887013759361024,1164887013759361024,1566565681000,2019-08-23,16:08:01,MSK,216250101,peacocktrojan32,Matthew Carle,,"So the forest fire in the amazon has about the emissions of the entire industrial revolution, but man made climate change will kill us in 11+ years üßê",[],[],[],1,0,1,[],[],https://twitter.com/peacocktrojan32/status/1164887013759361024,False,,0,,,,,,,"[{'user_id': '216250101', 'username': 'peacocktrojan32'}]",
1164835391536418816,1164832667302424578,1566553373000,2019-08-23,12:42:53,MSK,961632241028755457,deanperl1,ü§ØMondo Politicoü§ê,,tRump is at the bottom of this evil for turning a blind eye on climate change. The Amazon Forest fire could destroy us all.,['cnn'],[],[],0,1,1,[],[],https://twitter.com/DeanPerl1/status/1164835391536418816,False,,0,,,,,,,"[{'user_id': '961632241028755457', 'username': 'DeanPerl1'}, {'user_id': '759251', 'username': 'CNN'}]",
1164832267513937925,1164832267513937925,1566552628000,2019-08-23,12:30:28,MSK,1134874336605745152,ammaralijan,Ammar Ali Jan,,"There is evidence that Amazon forest fire was intentional to clear land for corporate interests. Yet, Brazil's fascist leader Bolsonaro blamed NGOs for the incident. Nexus between big busines, climate change and authoritarianism is becoming evident.

 https://www.theguardian.com/environment/2019/aug/22/brazilian-minister-booed-at-climate-event-as-outcry-grows-over-amazon-fires¬†‚Ä¶",[],['https://www.theguardian.com/environment/2019/aug/22/brazilian-minister-booed-at-climate-event-as-outcry-grows-over-amazon-fires'],[],0,19,53,[],[],https://twitter.com/ammaralijan/status/1164832267513937925,False,,0,,,,,,,"[{'user_id': '1134874336605745152', 'username': 'ammaralijan'}]",
1164831894061510660,1164831894061510660,1566552539000,2019-08-23,12:28:59,MSK,770132773965328385,nick_thyme,Nick of Thyme,,The amazon Rain forest fire was deliberately lit! How is that a climate change event,[],[],[],5,17,38,[],[],https://twitter.com/nick_thyme/status/1164831894061510660,False,,0,,,,,,,"[{'user_id': '770132773965328385', 'username': 'nick_thyme'}]",
1164811177970397190,1164811177970397190,1566547600000,2019-08-23,11:06:40,MSK,813196510720626688,renz_mcforest,Renz McForest,,"The Amazon forest fire is not caused by climate change. Someone is clearing the way to plant trees needed to make Nutella, shampoo, and ice cream. Oh, yes, it is man-made, all for the sake of Palm oil.",[],[],[],0,0,0,[],[],https://twitter.com/renz_mcforest/status/1164811177970397190,False,,0,,,,,,,"[{'user_id': '813196510720626688', 'username': 'renz_mcforest'}]",
1164747354173517824,1164747354173517824,1566532383000,2019-08-23,06:53:03,MSK,916693321136902144,anthonyhirschif,Anthony Hirsch,,The amazon forest fire is scary. it only harms us in terms of climate change. We've got to make sure we don't hurt this planet more and that we can successfully combat the change in climate as it comes. It's for the survival of our species.,[],[],[],0,0,3,[],[],https://twitter.com/AnthonyHirschIf/status/1164747354173517824,False,,0,,,,,,,"[{'user_id': '916693321136902144', 'username': 'AnthonyHirschIf'}]",
1164733608139137024,1164733608139137024,1566529106000,2019-08-23,05:58:26,MSK,115122087,jeromepva,Jerome üìàüìâüöÄ,,"That amazon forest fire is an actual problem. Shit is responsible for 20% of the oxygen we breath and it‚Äôs been burning for 3 weeks?? Climate change was just accelerated by a good 5 years, minimum",[],[],[],1,0,4,[],[],https://twitter.com/JeromePVA/status/1164733608139137024,False,,0,,,,,,,"[{'user_id': '115122087', 'username': 'JeromePVA'}]",
1164702591953047552,1164702591953047552,1566521711000,2019-08-23,03:55:11,MSK,169309933,backpackkate,Kate Wood,,"If you think teenagers aren't paying attention, I assigned over 100 of them to write a fairytale or folklore. Most of the stories are about reversing or preventing pollution and climate change. One is about going back and preventing the Amazon Forest Fire. #AmazonRainforest",[],[],[],1,0,2,['#amazonrainforest'],[],https://twitter.com/BackpackKate/status/1164702591953047552,False,,0,,,,,,,"[{'user_id': '169309933', 'username': 'BackpackKate'}]",
1164697029131374592,1164697029131374592,1566520385000,2019-08-23,03:33:05,MSK,1060048326458990593,duong71192679,duong,,It's a sign... The forest fire starts in the most crucial time of climate change in history. Do we have any hope? #amazon  https://twitter.com/theintercept/status/1164225530629165056¬†‚Ä¶,[],['https://twitter.com/theintercept/status/1164225530629165056'],[],0,0,0,['#amazon'],[],https://twitter.com/duong71192679/status/1164697029131374592,False,https://twitter.com/theintercept/status/1164225530629165056,0,,,,,,,"[{'user_id': '1060048326458990593', 'username': 'duong71192679'}]",
1164639142652760064,1164639142652760064,1566506584000,2019-08-22,23:43:04,MSK,14513611,crooksandliars,Crooks and Liars,,"It's dark as night time at 4 pm in Sao Paulo, Brazil, thanks to the smoke plume from the Amazon forest fire. @AliVelshi @PaulRosolie @BrunaLab #VelshiandRuhle #AmazonForestFire #Bolsonaro #climatechange  http://dlvr.it/RBjPZp¬†","['alivelshi', 'paulrosolie', 'brunalab']",['http://dlvr.it/RBjPZp'],[],2,27,16,"['#velshiandruhle', '#amazonforestfire', '#bolsonaro', '#climatechange']",[],https://twitter.com/crooksandliars/status/1164639142652760064,False,,0,,,,,,,"[{'user_id': '14513611', 'username': 'crooksandliars'}, {'user_id': '16378486', 'username': 'AliVelshi'}, {'user_id': '2232557744', 'username': 'PaulRosolie'}, {'user_id': '19717244', 'username': 'BrunaLab'}]",
1164595210388672514,1164595210388672514,1566496109000,2019-08-22,20:48:29,MSK,996457304701759488,iamumarhanif,Umar üáµüá∞,,"Those unaware: Amazon forests, which are known as the ""Lungs of Earth"" are on fire for weeks but there's no coverage. This is NOT a natural forest fire caused by climate change but an inside job, motive of which is nothing but human greed. 
#PrayForAmazon pic.twitter.com/eUUiTggUNM",[],[],['https://pbs.twimg.com/media/ECl5KXdXsAc6ol7.jpg'],1,0,0,['#prayforamazon'],[],https://twitter.com/iamUmarHanif/status/1164595210388672514,False,,0,,,,,,,"[{'user_id': '996457304701759488', 'username': 'iamUmarHanif'}]",
1164555777324937226,1164555777324937226,1566486708000,2019-08-22,18:11:48,MSK,735374490625052672,vickysparker,Vignesh,coimbatore,"In case, you think amazon rain forest fire doesn't effect you ! More than 20% of the world's oxygen produced in the rain forest üò£! The loss of trees and bio diversity is accelerating weather change ! All in the midst of a climate crisis that us growing in serverity everyday üòû!  pic.twitter.com/kLOMofu5gY ‚Äì at coimbatore",[],[],['https://pbs.twimg.com/media/EClVTDSUEAAzq_-.jpg'],0,0,0,[],[],https://twitter.com/vickysparker/status/1164555777324937226,False,,0,,,,,,,"[{'user_id': '735374490625052672', 'username': 'vickysparker'}]",
1164544290657198081,1163843949590667264,1566483969000,2019-08-22,17:26:09,MSK,142180894,omkarinamdarr,Omkar Inamdar,,"Like lot of celebrities are tweeting sad about Amazon forest fire, but I feel they hardly care about it , unless they are @LeoDiCaprio ,where he is actively doing something about climate change.","['therahulnair7', 'sammie_chika', 'lazyladdha', 'leodicaprio']",[],[],0,0,0,[],[],https://twitter.com/omkarinamdarr/status/1164544290657198081,False,,0,,,,,,,"[{'user_id': '142180894', 'username': 'omkarinamdarr'}, {'user_id': '876128779957043200', 'username': 'therahulnair7'}, {'user_id': '910636191032233985', 'username': 'sammie_chika'}, {'user_id': '390710937', 'username': 'LazyLaddha'}, {'user_id': '133880286', 'username': 'LeoDiCaprio'}]",
1164544117889806336,1164544117889806336,1566483928000,2019-08-22,17:25:28,MSK,749047981303795716,colldollswag,col,,the fact that people have this mindset about things like climate change and the forest fire in the amazon amazes me. how can you think that spreading awareness won‚Äôt do much? do people seriously not consider that spreading this might cause someone who CAN help to stumble upon it?  https://twitter.com/jujubangzz/status/1164134577507426304¬†‚Ä¶,[],['https://twitter.com/jujubangzz/status/1164134577507426304'],[],0,3,8,[],[],https://twitter.com/colldollswag/status/1164544117889806336,False,https://twitter.com/jujubangzz/status/1164134577507426304,0,,,,,,,"[{'user_id': '749047981303795716', 'username': 'colldollswag'}]",
1164539872033591297,1164539872033591297,1566482916000,2019-08-22,17:08:36,MSK,2272231806,bringingsexypak,Duhniel,,"It‚Äôs great everyone cares about the Amazon forest fire but it‚Äôs not climate change that‚Äôs caused 80% more fires than last year, it‚Äôs the corrupt government that refuses to discontinue what they PURPOSELY and STRATEGICALLY started. Let‚Äôs not get our current events from TWITTERüò∂üòÇ",[],[],[],1,1,3,[],[],https://twitter.com/bringingsexypak/status/1164539872033591297,False,,0,,,,,,,"[{'user_id': '2272231806', 'username': 'bringingsexypak'}]",
1164531579202543617,1164531579202543617,1566480939000,2019-08-22,16:35:39,MSK,132428092,promuzi,Muzamil,,"""President Bolsonaro is a climate change skeptic who supports opening up Brazil's Amazon rainforest to mining and development.

Activists say his policies are encouraging illegal deforestation.

So far in 2019, deforestation is up 67% and forest fire‚Ä¶  pic.twitter.com/LHTZyx4bYA""",[],[],['https://pbs.twimg.com/media/ECk9joYXYAIa--y.jpg'],0,0,0,[],[],https://twitter.com/promuzi/status/1164531579202543617,False,,0,,,,,,,"[{'user_id': '132428092', 'username': 'promuzi'}]",
1164501918149799936,1164501918149799936,1566473867000,2019-08-22,14:37:47,MSK,1045871438555602944,thezenev,üíôüíôüíô,,"Ano na ba it natatabo world?! Adi it Amazon forest fire 2 weeks na, the Sanchez guy getting released after raping and murdering 2 UPLB college students, tas grabe na it climate change, TAPOS MADUGANG PA ITO NGA GT HA SHOWTIME NGA AMBOT MAG PERFORM?! üòí",[],[],[],0,0,4,[],[],https://twitter.com/thezenev/status/1164501918149799936,False,,0,,,,,,,"[{'user_id': '1045871438555602944', 'username': 'thezenev'}]",
1164487461507960834,1164487461507960834,1566470420000,2019-08-22,13:40:20,MSK,372322233,nvgpal79,Nishand Venugopal,,"Let's also remember that few months ago Uttarakhand also seen a lot of forest fire incidents, sorry for Amazon forests but it is our duty to keep the forests in our home. understand the issue of forest fires and the effects of climate change in it... #allforestsareimportant",[],[],[],0,0,0,['#allforestsareimportant'],[],https://twitter.com/nvgpal79/status/1164487461507960834,False,,0,,,,,,,"[{'user_id': '372322233', 'username': 'nvgpal79'}]",
1164466618581299200,1164466618581299200,1566465451000,2019-08-22,12:17:31,MSK,882487848229900289,tiredtigerv,Viivi üêØ,,"I find it absolutely disgusting that in Finland the news are covering news about climate change every day, but today was the first day that they informed about the forest fire in Amazon. It was maybe 10 seconds quick news flash and it was more about Trump rather than Amazon",[],[],[],1,1,2,[],[],https://twitter.com/tiredtigerv/status/1164466618581299200,False,,0,,,,,,,"[{'user_id': '882487848229900289', 'username': 'tiredtigerv'}]",
1164429893943214080,1164429893943214080,1566456695000,2019-08-22,09:51:35,MSK,843397923748503552,nayemhasan37,Md.Nayem Hasan Munna,,"Parts of the #Amazon #Rainforest are on Fire | Smoke can be Spotted from Space!

#Video:  https://youtu.be/SVGkZdxY34c¬†
#prayforamazonas :(

#news,
###brazil,
#wildfires,
#environment,
#global_warming,
#science,
#forest_fire,
#world,
#climate_change,
#amazon_forest, pic.twitter.com/1G4MYTqQ82",[],['https://youtu.be/SVGkZdxY34c'],['https://pbs.twimg.com/media/ECjiz6yUcAAsXKg.jpg'],0,0,0,"['#amazon', '#rainforest', '#video', '#prayforamazonas', '#news', '#brazil', '#wildfires', '#environment', '#global_warming', '#science', '#forest_fire', '#world', '#climate_change', '#amazon_forest']",[],https://twitter.com/nayemhasan37/status/1164429893943214080,False,,0,,,,,,,"[{'user_id': '843397923748503552', 'username': 'nayemhasan37'}]",
1164402000475414528,1164402000475414528,1566450045000,2019-08-22,08:00:45,MSK,716236566398681088,freny_2806,Freny Patel,,"First the dead glacier and now amazon forest fire and media want to just focus on other more important news becoz environment do nothing than giving us life! 
Actions are needed to prevent climate changes
#PrayforAmazonas #environmentalawareness",[],[],[],0,1,4,"['#prayforamazonas', '#environmentalawareness']",[],https://twitter.com/freny_2806/status/1164402000475414528,False,,0,,,,,,,"[{'user_id': '716236566398681088', 'username': 'freny_2806'}]",
1164376194151636992,1164376194151636992,1566443892000,2019-08-22,06:18:12,MSK,282134036,how_bout_nooo,ManasiC,,"@AFP fact check has shown the images circulated online regarding the Amazon forest fire are out of date. 
Though, the threat of climate change is very much real and serious. Gotta have more countries taking proactive steps towards this ASAP. 
#AmazonFire",['afp'],[],[],0,0,0,['#amazonfire'],[],https://twitter.com/how_bout_nooo/status/1164376194151636992,False,,0,,,,,,,"[{'user_id': '282134036', 'username': 'how_bout_nooo'}, {'user_id': '380648579', 'username': 'AFP'}]",
1164371250392784896,1164371250392784896,1566442713000,2019-08-22,05:58:33,MSK,2432770291,tararanstead,Taradactyl,,Idk. I‚Äôm ready to march the streets. I‚Äôm ready to protest right next to the immigration camps. I‚Äôm ready to scream at the top of my lungs until we do something about climate change. I‚Äôm ready to donate all of my money to stop the amazon forest fire from spreading more. Y‚Äôall üò©,[],[],[],0,0,1,[],[],https://twitter.com/TaraRanstead/status/1164371250392784896,False,,0,,,,,,,"[{'user_id': '2432770291', 'username': 'TaraRanstead'}]",
1164353903439122438,1164353903439122438,1566438577000,2019-08-22,04:49:37,MSK,895858940902125568,maxmensltbu,Maxwell Frantz,,"If the amazon forest fire isn‚Äôt making you uncomfortable rn, are you even human? Like now my generation has to clean up this mess. This mess called climate change. How many years do we have? Supposedly 12. Thanks for setting us up for failure. #AmazonRainforest",[],[],[],0,0,0,['#amazonrainforest'],[],https://twitter.com/MaxmensLTBU/status/1164353903439122438,False,,0,,,,,,,"[{'user_id': '895858940902125568', 'username': 'MaxmensLTBU'}]",
1164339343441506305,1164185881613389824,1566435106000,2019-08-22,03:51:46,MSK,1107648236846747648,wakandeafricana,Onika Del Rey ‚ú®,,"Statistically this year has been the worst due to deforestation in the amazons and climate change. Also yes, a fire can be worse than the next one. Is a grease fire on the same caliber as a forest fire? No? Alright then","['gronk9793', 'wwf_uk', 'coreytaylorrock']",[],[],0,0,0,[],[],https://twitter.com/WakandeAfricana/status/1164339343441506305,False,,0,,,,,,,"[{'user_id': '1107648236846747648', 'username': 'WakandeAfricana'}, {'user_id': '3734032993', 'username': 'gronk9793'}, {'user_id': '19719076', 'username': 'wwf_uk'}, {'user_id': '173885254', 'username': 'CoreyTaylorRock'}]",
1164321983133302784,1164321983133302784,1566430967000,2019-08-22,02:42:47,MSK,125209744,_splash_world,NorthPlay Clothing,,Don‚Äôt fooled. The amazon forest fire is a man made fire. People are setting the fires. It has nothing to do with climate change or global warming.,[],[],[],0,0,0,[],[],https://twitter.com/_Splash_World/status/1164321983133302784,False,,0,,,,,,,"[{'user_id': '125209744', 'username': '_Splash_World'}]",
1164320738976731137,1164173370855833600,1566430670000,2019-08-22,02:37:50,MSK,68421814,iamkimcharlie,Kim Charlie‚Ñ¢,,The intentional burning of the forest fire in the amazon was by the fascist brazilian government + agrobusiness and ranching oligarchs. For years they want the amazon to be a new center for business and this will accelerate climate change.,['labellezachu'],[],[],0,0,0,[],[],https://twitter.com/iamkimcharlie/status/1164320738976731137,False,,0,,,,,,,"[{'user_id': '68421814', 'username': 'iamkimcharlie'}, {'user_id': '1002951516200710145', 'username': 'LabellezaChu'}]",
1164291424625549312,1164291424625549312,1566423681000,2019-08-22,00:41:21,MSK,3350055051,cryptodemedici,Lord Tulips de' Medici MD,,"Amazon Forest fire could strike a ‚Äúdevastating blow on the fight against climate change‚Äù

Climate change meme is extremely powerful. Anything to do with nature can be immediately manipulated into fear mongering about climate change.  https://twitter.com/ggreenwald/status/1164289356405891072¬†‚Ä¶",[],['https://twitter.com/ggreenwald/status/1164289356405891072'],[],2,4,13,[],[],https://twitter.com/cryptodemedici/status/1164291424625549312,False,https://twitter.com/ggreenwald/status/1164289356405891072,0,,,,,,,"[{'user_id': '3350055051', 'username': 'cryptodemedici'}]",
1164285942699646976,1164264728690135042,1566422374000,2019-08-22,00:19:34,MSK,1440584060,dimitrish81,Dimitris T,,"100+ people died in a pine tree forest fire south of Athens last year, fire terminate itself in sea, an unpresidented  event..Amazon is a jungle forest and little can be done to save it. Climate change but looks like resources are heading in buying Greenland for the time being..",['stana_katic'],[],[],0,0,0,[],[],https://twitter.com/dimitrish81/status/1164285942699646976,False,,0,,,,,,,"[{'user_id': '1440584060', 'username': 'dimitrish81'}, {'user_id': '46503181', 'username': 'Stana_Katic'}]",
1164272189505331200,1164272189505331200,1566419095000,2019-08-21,23:24:55,MSK,1047881011986460672,kyndallwrites,KyndallWrites,,"I had no idea the Amazon is being plagued by forest fire right now, or that it had such a huge effect on climate change and was a carbon sink.
I couldn‚Äôt donate much but I‚Äôm hoping every little bit helps ‚ù§Ô∏èüå≥  https://twitter.com/Lexialex/status/1164264306260602881¬†‚Ä¶",[],['https://twitter.com/Lexialex/status/1164264306260602881'],[],0,0,0,[],[],https://twitter.com/KyndallWrites/status/1164272189505331200,False,https://twitter.com/Lexialex/status/1164264306260602881,0,,,,,,,"[{'user_id': '1047881011986460672', 'username': 'KyndallWrites'}]",
1164249889271771136,1164249889271771136,1566413778000,2019-08-21,21:56:18,MSK,322412749,masterteezy,Dakashi,,In light of the recent amazon forest fire currently making headlines and sense of hopelessness we feel combating climate change I think this is the perfect time to post this üôÉ  pic.twitter.com/SJEL18RHbv,[],[],['https://pbs.twimg.com/media/ECg-9tXVAAAG0lL.jpg'],0,0,2,[],[],https://twitter.com/MasterTeezy/status/1164249889271771136,False,,0,,,,,,,"[{'user_id': '322412749', 'username': 'MasterTeezy'}]",
1164246600467636224,1164246595480588288,1566412994000,2019-08-21,21:43:14,MSK,1136224948765151232,gxermaine,mYgHad CasSiE,,"On second thought, is it really the climate change causes that massive forest fire? Or there's someone behind that case? We all know na may mga taong sakim. Maybe they want to build something in the amazon that's why it suddenly burned.",[],[],[],1,0,0,[],[],https://twitter.com/Gxermaine/status/1164246600467636224,False,,0,,,,,,,"[{'user_id': '1136224948765151232', 'username': 'Gxermaine'}]",
1164216058896625666,1164216058896625666,1566405713000,2019-08-21,19:41:53,MSK,2440862550,daquackerz,Colin 'Quackers' Stephens,,"Ahem*

Please start freaking out

Climate Change isn't even the most important part of the Amazon Rain Forest Fire

That forest produces 20% of the oxygen for the entire planet.

Air Quality is going to go to shit globally.  People will get sick.  Human life is at risk

freak out",[],[],[],0,0,1,[],[],https://twitter.com/DaQuackerz/status/1164216058896625666,False,,0,,,,,,,"[{'user_id': '2440862550', 'username': 'DaQuackerz'}]",
1164213464828645376,1164213464828645376,1566405094000,2019-08-21,19:31:34,MSK,1555495736,deano_t7,Emilia's husband,,"There's a very good documentary on Showmax called Ice on Fire. It looks at climate change but more specifically, people who are trying to reverse the effects. Reading about the Amazon forest fire so soon after watching that documentary has caused me to lose a chunk of hope.",[],[],[],0,0,0,[],[],https://twitter.com/Deano_T7/status/1164213464828645376,False,,0,,,,,,,"[{'user_id': '1555495736', 'username': 'Deano_T7'}]",
1164209867982299136,1164209867982299136,1566404237000,2019-08-21,19:17:17,MSK,100734330,iamohanyere,Ifeanyi,,"The Amazon Forest, the source of over 20% of the world's oxygen supply, is on fire.
 Siberia has been experiencing devastating wildfires, covering Russian cities with forest fire smog. If we fail to act sooner, we just may be too late. #climatechange",[],[],[],0,4,1,['#climatechange'],[],https://twitter.com/iamohanyere/status/1164209867982299136,False,,0,,,,,,,"[{'user_id': '100734330', 'username': 'iamohanyere'}]",
1164199504331100162,1164199504331100162,1566401766000,2019-08-21,18:36:06,MSK,36226466,lesbiam_,üåà Bia üå∏,,"ive seen a lot of gringos on my tl blaming the Amazon rain forest fire on climate change, make no mistake, this all 100% our president's fault",[],[],[],0,0,2,[],[],https://twitter.com/lesbiam_/status/1164199504331100162,False,,0,,,,,,,"[{'user_id': '36226466', 'username': 'lesbiam_'}]",
1164180958729269248,1164180958729269248,1566397344000,2019-08-21,17:22:24,MSK,1142268758884438021,reintrovert,Áæé,,i hate how the forest fire of the Amazon forest had been happening for days and yet no one took action like how the billionaires did when the church of notre-dame was in flames??? Does the rich & the powerful just not give a FUCK about the Earth???? Hello climate change I guess,[],[],[],0,2,3,[],[],https://twitter.com/reintrovert/status/1164180958729269248,False,,0,,,,,,,"[{'user_id': '1142268758884438021', 'username': 'reintrovert'}]",
1164169872101613568,1164169872101613568,1566394701000,2019-08-21,16:38:21,MSK,247196798,twistedblaster,Ken Lundgreen,,Amazon Forest Fire Will Destroy 2 Million Acres & 500 Million bees died ...  https://youtu.be/62Cp4COlBTM¬† via @YouTube #ExtinctionRebellion #GlobalWarming #GlobalHeating #ClimateChange #ClinateCrisis #INTHE #WASF Arrest Bolsonaro now!,['youtube'],['https://youtu.be/62Cp4COlBTM'],[],0,1,1,"['#extinctionrebellion', '#globalwarming', '#globalheating', '#climatechange', '#clinatecrisis', '#inthe', '#wasf']",[],https://twitter.com/twistedblaster/status/1164169872101613568,False,,0,,,,,,,"[{'user_id': '247196798', 'username': 'twistedblaster'}, {'user_id': '10228272', 'username': 'YouTube'}]",
1164166970729627648,1164166970729627648,1566394009000,2019-08-21,16:26:49,MSK,3189496358,lashiro101,Shiro,,"The Amazon forest has always been the saving grace of Anthropic climate change, as it has absorbed a couple billion tons of CO2. Now, with the forest fire it has the potential to turn into a positive feedback loop which means it will start to emit CO2.",[],[],[],0,3,8,[],[],https://twitter.com/lashiro101/status/1164166970729627648,False,,0,,,,,,,"[{'user_id': '3189496358', 'username': 'lashiro101'}]",
1164121662536781825,1164121662536781825,1566383207000,2019-08-21,13:26:47,MSK,875247725381644289,glacier_clear,GlacierDeer,,yknow I dont comment on current events much but climate change really gets me super upset and emotional. pretty pissed it's taken me till now to hear about the amazon forest fire.,[],[],[],37,80,996,[],[],https://twitter.com/glacier_clear/status/1164121662536781825,False,,0,,,,,,,"[{'user_id': '875247725381644289', 'username': 'glacier_clear'}]",
1164121226496770048,1164121226496770048,1566383103000,2019-08-21,13:25:03,MSK,3601283899,brookyhobbs,brooky,,my brothers friend and i were talking about the amazon forest fire and we started talking about climate change and that led onto a conversation about questioning literally everything and honestly i feel so mind fucked rn,[],[],[],0,0,6,[],[],https://twitter.com/brookyhobbs/status/1164121226496770048,False,,0,,,,,,,"[{'user_id': '3601283899', 'username': 'brookyhobbs'}]",
1164117458568933379,1164117458568933379,1566382205000,2019-08-21,13:10:05,MSK,27407881,sunjaykapur,Sunjay Kapur,,"Progressive deforestation isn't without consequence. The smoke from the catastrophic forest fire in the ""Amazon wildfire"" can be seen from space. The loss of trees & loss of biodiversity is what is accelerating #ClimateChange. #PrayforAmazon https://www.bbc.com/news/world-latin-america-49415973¬†‚Ä¶",[],['https://www.bbc.com/news/world-latin-america-49415973'],[],0,2,10,"['#climatechange', '#prayforamazon']",[],https://twitter.com/sunjaykapur/status/1164117458568933379,False,,0,,,,,,,"[{'user_id': '27407881', 'username': 'sunjaykapur'}]",
1164116910918787072,1164115851198566400,1566382074000,2019-08-21,13:07:54,MSK,1164112507700727810,zaragarridojim1,Zaragarridojimenez,,"#PrayForTheAmazon #PrayforAmazonas #amazon #forest #fire #danger #climatechange #earthslungs #crisis #brazil
@jairbolsonaro
 DO SOMETHING. 

Please retweet.",['jairbolsonaro'],[],[],0,0,1,"['#prayfortheamazon', '#prayforamazonas', '#amazon', '#forest', '#fire', '#danger', '#climatechange', '#earthslungs', '#crisis', '#brazil']",[],https://twitter.com/Zaragarridojim1/status/1164116910918787072,False,,0,,,,,,,"[{'user_id': '1164112507700727810', 'username': 'Zaragarridojim1'}, {'user_id': '128372940', 'username': 'jairbolsonaro'}]",
1164091145753939968,1164091145753939968,1566375931000,2019-08-21,11:25:31,MSK,186507318,blueye95,Twan | Blueye,,A man made forest fire in the Amazon in Brazil has been going on for a few weeks already and yet ive seen or heard little media coverage about it....... Do people just wanna die to climate change or what?,[],[],[],0,0,0,[],[],https://twitter.com/blueye95/status/1164091145753939968,False,,0,,,,,,,"[{'user_id': '186507318', 'username': 'blueye95'}]",
1164066929981587456,1164066929981587456,1566370158000,2019-08-21,09:49:18,MSK,471094727,sssshshshh,Villanelle Panda,,"In the last few months, we've had glaciers melting in Iceland and the Arctic, Amazon forest fire, fire in Spain, floods in many parts of India, etc. Why aren't world leaders talking about this? #ClimateChange #GlobalWarming #ClimateEmergency",[],[],[],1,0,0,"['#climatechange', '#globalwarming', '#climateemergency']",[],https://twitter.com/sssshshshh/status/1164066929981587456,False,,0,,,,,,,"[{'user_id': '471094727', 'username': 'sssshshshh'}]",
1164062957157965824,1164062957157965824,1566369210000,2019-08-21,09:33:30,MSK,2914060730,_victooooria_,Victoria Shepard,,This amazon climate change forest fire stuff is really making me sad.,[],[],[],1,1,7,[],[],https://twitter.com/_victooooria_/status/1164062957157965824,False,,0,,,,,,,"[{'user_id': '2914060730', 'username': '_victooooria_'}]",
1164060620918054912,1164057106166636544,1566368653000,2019-08-21,09:24:13,MSK,3390181287,lippypopples,Lippy üç≠,,hey this is off topic but can we please talk about how no one is talking about the amazon forest fire and it‚Äôs gonna to help climate change kill humanity? haha just a thought,['h3h3productions'],[],[],1,0,12,[],[],https://twitter.com/Lippypopples/status/1164060620918054912,False,,0,,,,,,,"[{'user_id': '3390181287', 'username': 'Lippypopples'}, {'user_id': '1187330941', 'username': 'h3h3productions'}]",
1164056778688147456,1164056778688147456,1566367737000,2019-08-21,09:08:57,MSK,1052748302,o_ouroboros_o,Ouroboros,,"@CNN @MSNBC @FoxNews PLEASE start discussing the Amazon rain forest fire. We literally need it to survive. You should be talking about it 24-7, and drawing attention to both climate change AND far-right government policies that cause this destruction. #AmazonRainforest","['cnn', 'msnbc', 'foxnews']",[],[],0,0,1,['#amazonrainforest'],[],https://twitter.com/O_ouroboros_O/status/1164056778688147456,False,,0,,,,,,,"[{'user_id': '1052748302', 'username': 'O_ouroboros_O'}, {'user_id': '759251', 'username': 'CNN'}, {'user_id': '2836421', 'username': 'MSNBC'}, {'user_id': '1367531', 'username': 'FoxNews'}]",
1164032905808506880,1164032905808506880,1566362046000,2019-08-21,07:34:06,MSK,955472233,samchristelle,ùìíùì±ùìªùì≤ùìºùìΩùìÆùìµùìµùìÆ‚ô°,,Iceland held a funeral for a glacier that is no longer there due to climate change. A forest fire in the amazon that is going on for weeks and we just found out. The world is ending and we're witnessing it.,[],[],[],0,0,2,[],[],https://twitter.com/samchristelle/status/1164032905808506880,False,,0,,,,,,,"[{'user_id': '955472233', 'username': 'samchristelle'}]",
1163992762229899264,1163992762229899264,1566352475000,2019-08-21,04:54:35,MSK,521771446,lizzyfivestacks,Lizzy Five Stacks üíÄ,,"Climate change is stressing me OUT, y‚Äôall. 

Like I can punch people in the face but I cannot punch a forest fire in the face otherwise I would be down in the Amazon THROWING HANDS right now.",[],[],[],1,1,8,[],[],https://twitter.com/lizzyfivestacks/status/1163992762229899264,False,,0,,,,,,,"[{'user_id': '521771446', 'username': 'lizzyfivestacks'}]",
1163970263526051841,1163969875267784704,1566347111000,2019-08-21,03:25:11,MSK,1144440449219944453,wonpilgay,rune,,the fact that ive seen so few news outlets covering the amazon forest fire is just so upsetting and the inactivity from governments all over the world on climate change ... i just cant put into words how horrible this is,[],[],[],1,0,0,[],[],https://twitter.com/wonpilgay/status/1163970263526051841,False,,0,,,,,,,"[{'user_id': '1144440449219944453', 'username': 'wonpilgay'}]",
1163954060405432320,1163954060405432320,1566343247000,2019-08-21,02:20:47,MSK,925887635867889664,james_jpeg,ùñèùñÜùñíùñäùñò,,hi can you guys take one or two seconds away from crying about Spider-Man to talk about how the Amazon is literally disappearing before our eyes in a massive forest fire at this very moment due to climate change haha like ??,[],[],[],1,1,9,[],[],https://twitter.com/james_jpeg/status/1163954060405432320,False,,0,,,,,,,"[{'user_id': '925887635867889664', 'username': 'james_jpeg'}]",
1163865339341312000,1163865339341312000,1566322095000,2019-08-20,20:28:15,MSK,3045127753,giovanni_chulo,giovanni rubio.,,@realDonaldTrump go put out the Amazon Forest fire dumb ass. And stop caring ab things that aren‚Äôt even important. we‚Äôre going to have so many hurt animals and ecosystems thanks to your willingness to do nothing ab climate change or work with anyone globally on the issue. CHILD.,['realdonaldtrump'],[],[],0,0,1,[],[],https://twitter.com/giovanni_chulo/status/1163865339341312000,False,,0,,,,,,,"[{'user_id': '3045127753', 'username': 'giovanni_chulo'}, {'user_id': '25073877', 'username': 'realDonaldTrump'}]",
1161419303557771264,1161419303557771264,1565738914000,2019-08-14,02:28:34,MSK,523511564,wbinding,Warren,,"@BBCNews Amazon parcel your top story? Siberian forest fire, caused by chemical weapons testing. But hey, nobody cares about #ClimateChange #greenpeace #fire",['bbcnews'],[],[],0,0,0,"['#climatechange', '#greenpeace', '#fire']",[],https://twitter.com/wbinding/status/1161419303557771264,False,,0,,,,,,,"[{'user_id': '523511564', 'username': 'wbinding'}, {'user_id': '612473', 'username': 'BBCNews'}]",
1150764376678440960,1150764376678440960,1563198582000,2019-07-15,16:49:42,MSK,165076912,anapdaguiar,Ana Paula D Aguiar,,"Brand new GCB paper led by  Marisa Fonseca from INPE: forest fire implications when combining climate change and our  BR Amazon deforestation scenarios.

Link to the new paper:
 https://onlinelibrary.wiley.com/doi/abs/10.1111/gcb.14709¬†‚Ä¶ 

Link to the deforestation scenarios paper from 2016:  http://onlinelibrary.wiley.com/doi/abs/10.1111/gcb.13134¬†‚Ä¶ https://twitter.com/dsrinpe/status/1150759699874287616¬†‚Ä¶",[],"['https://onlinelibrary.wiley.com/doi/abs/10.1111/gcb.14709', 'http://onlinelibrary.wiley.com/doi/abs/10.1111/gcb.13134', 'https://twitter.com/dsrinpe/status/1150759699874287616']",[],1,3,20,[],[],https://twitter.com/AnaPDAguiar/status/1150764376678440960,False,https://twitter.com/dsrinpe/status/1150759699874287616,0,,,,,,,"[{'user_id': '165076912', 'username': 'AnaPDAguiar'}]",
1144914116777316353,1144914116777316353,1561803771000,2019-06-29,13:22:51,MSK,850006864146419712,jamescolquhou10,James Colquhoun,,"Support @AmazonCTrust @unisouthampton @UFAM_ as they tackle #climatechange as well as forest #fire üî• #deforestation üå≥üå¥in the Brazilian #Amazon through sustainable &  innovative #drone creation üí™üèºüôèüèº

Follow the link:  http://tiny.cc/cmzv7y¬† https://twitter.com/AmazonCTrust/status/1144910661367017472¬†‚Ä¶","['amazonctrust', 'unisouthampton', 'ufam_']","['http://tiny.cc/cmzv7y', 'https://twitter.com/AmazonCTrust/status/1144910661367017472']",[],0,0,1,"['#climatechange', '#fire', '#deforestation', '#amazon', '#drone']",[],https://twitter.com/JamesColquhou10/status/1144914116777316353,False,https://twitter.com/AmazonCTrust/status/1144910661367017472,0,,,,,,,"[{'user_id': '850006864146419712', 'username': 'JamesColquhou10'}, {'user_id': '701718001532477441', 'username': 'AmazonCTrust'}, {'user_id': '26203004', 'username': 'unisouthampton'}, {'user_id': '62401528', 'username': 'UFAM_'}]",
1100278498122518530,1100180475040202756,1551161810000,2019-02-26,09:16:50,MSK,1955211547,b9lyequivocal,Mark Willis,,"For a purported ""geophysicist"" you're not too well versed in, well, physics.  üôÑ Go down to the Amazon and try deliberately starting a forest fire in lush, wet jungle.  Let us know how that goes.  Dingbat.  

Climate change biases conditions toward fires both natural and manmade.",['bradtrostcpc'],[],[],1,0,1,[],[],https://twitter.com/B9lyEquivocal/status/1100278498122518530,False,,0,,,,,,,"[{'user_id': '1955211547', 'username': 'B9lyEquivocal'}, {'user_id': '275821378', 'username': 'BradTrostCPC'}]",
1075292158473555969,1075292158473555969,1545204603000,2018-12-19,10:30:03,MSK,176470818,vandahmier,Bosewell Vandahmier,,"Amazon feels heat from employees on climate change and disclosing its efforts¬†¬† http://PostBulletin.com¬† Storm-driven data-center outages, production disrupted by flooding, forest-fire smoke choking workers at the corporate headquarters ‚Äî already in 2018,‚Ä¶  http://fxmb.info/QtwPfR¬†",[],"['http://PostBulletin.com', 'http://fxmb.info/QtwPfR']",[],0,0,0,[],[],https://twitter.com/Vandahmier/status/1075292158473555969,False,,0,,,,,,,"[{'user_id': '176470818', 'username': 'Vandahmier'}]",
1075030593132478466,1075030593132478466,1545142241000,2018-12-18,17:10:41,MSK,411148247,cellomomoncars,CelloMom on Cars,,"""Storm-driven data-center outages, production disrupted by flooding, forest-fire smoke choking workers‚Äî already in 2018, Amazon has experienced at least a half dozen notable disruptions to its operations connected to climate change""

 https://www.seattletimes.com/business/amazon/amazon-employees-push-company-to-act-faster-on-climate-change-and-disclose-more/¬†‚Ä¶",[],['https://www.seattletimes.com/business/amazon/amazon-employees-push-company-to-act-faster-on-climate-change-and-disclose-more/'],[],1,0,1,[],[],https://twitter.com/CelloMomOnCars/status/1075030593132478466,False,,0,,,,,,,"[{'user_id': '411148247', 'username': 'CelloMomOnCars'}]",
752902391624704001,752902391624704001,1468340893000,2016-07-12,19:28:13,MSK,137246769,350sf,350 San Francisco,,"The ultimate forest fire: What‚Äôll happen when the Amazon burns: 

When you Google ‚ÄúA...  http://wapo.st/29Go8Ed¬† #climatechange",[],['http://wapo.st/29Go8Ed'],[],0,0,0,['#climatechange'],[],https://twitter.com/350SF/status/752902391624704001,False,,0,,,,,,,"[{'user_id': '137246769', 'username': '350SF'}]",
752170551544680448,752170551544680448,1468166408000,2016-07-10,19:00:08,MSK,10340482,ran,RAN,,"Human-caused #ClimateChange increases Amazon forest fire risk, will human efforts vs deforestation prevent them?   http://cnb.cx/29r2Uc9¬†",[],['http://cnb.cx/29r2Uc9'],[],0,30,15,['#climatechange'],[],https://twitter.com/RAN/status/752170551544680448,False,,0,,,,,,,"[{'user_id': '10340482', 'username': 'RAN'}]",
456689076033163264,456689076033163264,1397718135000,2014-04-17,11:02:15,MSK,209070276,bluegreentweet,Blue&GreenTomorrow,,FROM YESTERDAY: Climate change and deforestation increasing forest fire risk in Amazon  http://bit.ly/1qZrxfK¬†,[],['http://bit.ly/1qZrxfK'],[],0,0,0,[],[],https://twitter.com/bluegreentweet/status/456689076033163264,False,,0,,,,,,,"[{'user_id': '209070276', 'username': 'bluegreentweet'}]",
456455280788664321,456455280788664321,1397662394000,2014-04-16,19:33:14,MSK,209070276,bluegreentweet,Blue&GreenTomorrow,,FROM TODAY: Climate change and deforestation increasing forest fire risk in Amazon  http://bit.ly/1qZrxfK¬†,[],['http://bit.ly/1qZrxfK'],[],0,0,0,[],[],https://twitter.com/bluegreentweet/status/456455280788664321,False,,0,,,,,,,"[{'user_id': '209070276', 'username': 'bluegreentweet'}]",
456373646550786049,456373646550786049,1397642931000,2014-04-16,14:08:51,MSK,987233550,ecobamboolot,Daynara Torres,,Climate change and deforestation increasing forest fire risk in Amazon  http://shar.es/TuLEO¬† via @sharethis,['sharethis'],['http://shar.es/TuLEO'],[],0,0,0,[],[],https://twitter.com/ecobamboolot/status/456373646550786049,False,,0,,,,,,,"[{'user_id': '987233550', 'username': 'ecobamboolot'}, {'user_id': '14116807', 'username': 'ShareThis'}]",
456341334941392896,456341334941392896,1397635227000,2014-04-16,12:00:27,MSK,209070276,bluegreentweet,Blue&GreenTomorrow,,Climate change and deforestation increasing forest fire risk in Amazon  http://bit.ly/1qZrxfK¬†,[],['http://bit.ly/1qZrxfK'],[],0,1,0,[],[],https://twitter.com/bluegreentweet/status/456341334941392896,False,,0,,,,,,,"[{'user_id': '209070276', 'username': 'bluegreentweet'}]",
345300106515447808,345300106515447808,1371160935000,2013-06-14,02:02:15,MSK,191566608,sciencelover_rs,Rosmina Su√°rez-Pi√±a,,Climate Change: News - Amazon forest fire risk to increase this year:  http://climate.nasa.gov/news/933#.UbpAtcZHmcs.twitter¬†‚Ä¶,[],['http://climate.nasa.gov/news/933#.UbpAtcZHmcs.twitter'],[],0,2,1,[],[],https://twitter.com/sciencelover_rs/status/345300106515447808,False,,0,,,,,,,"[{'user_id': '191566608', 'username': 'sciencelover_rs'}]",
344488437807738880,344488437807738880,1370967418000,2013-06-11,20:16:58,MSK,1020174678,paulamarela,Ladywolfe,,Climate Change: News - Amazon forest fire risk to increase this year:  http://climate.nasa.gov/news/933#.UbdNSxsaTm0.twitter¬†‚Ä¶,[],['http://climate.nasa.gov/news/933#.UbdNSxsaTm0.twitter'],[],0,0,0,[],[],https://twitter.com/paulamarela/status/344488437807738880,False,,0,,,,,,,"[{'user_id': '1020174678', 'username': 'paulamarela'}]",
343106614322147330,343106614322147330,1370637966000,2013-06-08,00:46:06,MSK,1264688389,newsclimate,Climate Change News,,Amazon forest fire risk to increase in 2013  http://bit.ly/1971qia¬† #climate #change,[],['http://bit.ly/1971qia'],[],0,0,0,"['#climate', '#change']",[],https://twitter.com/NewsClimate/status/343106614322147330,False,,0,,,,,,,"[{'user_id': '1264688389', 'username': 'NewsClimate'}]",
